City_ID,City,Country,Max Temp,Current Description,Lat,Lng,Hotel Name
0,Souillac,MU,69.8,scattered clouds,-20.52,57.52,Bils' Villa
1,Kovur,IN,76.17,scattered clouds,14.48,79.98,Pleasant Stay
2,Atuona,PF,77.47,light rain,-9.8,-139.03,Villa Enata
3,Bethel,US,52.0,mist,41.37,-73.41,Courtyard by Marriott Danbury
4,Upernavik,GL,15.85,overcast clouds,72.79,-56.15,Gina's Guesthouse - Upernavik
5,Busselton,AU,57.99,broken clouds,-33.65,115.33,Observatory Guest House
6,Butaritari,KI,82.29,clear sky,3.07,172.79,Isles Sunset Lodge
7,Pisco,PE,64.4,overcast clouds,-13.7,-76.22,Hostal San Isidro Oficial
8,Arraial Do Cabo,BR,71.6,broken clouds,-22.97,-42.03,Pousada Porto Praia
9,Luohe,CN,54.54,scattered clouds,33.57,114.04,BNB 29-Tunxi Old Street Branch
10,Qaanaaq,GL,2.66,clear sky,77.48,-69.36,Qaanaaq Hotel
11,Ushuaia,AR,59.0,broken clouds,-54.8,-68.3,Albatros Hotel
12,Talnakh,RU,21.2,light snow,69.49,88.4,Talnakh Hotel
13,Ponta Do Sol,PT,69.01,few clouds,32.67,-17.1,Hotel do Campo
14,Faanui,PF,80.6,few clouds,-16.48,-151.75,Bora-Bora Pearl Beach Resort & Spa
15,Tasiilaq,GL,26.6,broken clouds,65.61,-37.64,The Red House
16,Sibiti,CG,69.26,light rain,-3.68,13.35,
17,Mount Isa,AU,84.2,clear sky,-20.73,139.5,ibis Styles Mt Isa Verona
18,Hobart,AU,64.99,broken clouds,-42.88,147.33,St Ives Hobart Accommodation Tasmania
19,Nanortalik,GL,32.2,clear sky,60.14,-45.24,"NTS Rooms, Nanortalik"
20,Flinders,AU,66.99,broken clouds,-34.58,150.86,Shellharbour Resort & Conference Centre
21,Santa Maria,BR,71.6,scattered clouds,-29.68,-53.81,Hotel Morotin
22,Cape Town,ZA,66.99,clear sky,-33.93,18.42,Southern Sun Waterfront Cape Town
23,Gorontalo,ID,79.39,overcast clouds,0.54,123.06,Maqna Hotel by Prasanthi
24,Vaini,TO,78.8,broken clouds,-21.2,-175.2,Keleti Beach Resort
25,Yaan,NG,76.03,overcast clouds,7.38,8.57,
26,Khatanga,RU,5.32,overcast clouds,71.97,102.5,"Gostinitsa ""Zapolyar'ye"""
27,Inirida,CO,71.38,light rain,3.87,-67.92,Fuente del Guania Hotel de Lujo
28,Omboue,GA,75.11,overcast clouds,-1.57,9.26,Hotel Olako
29,Vao,NC,74.3,broken clouds,-22.67,167.48,Hotel Kou-Bugny
30,Vestmannaeyjar,IS,39.27,clear sky,63.44,-20.27,Glamping & Camping
31,Nikolskoye,RU,33.8,overcast clouds,59.7,30.79,Tourist House - Sablino
32,Danane,CI,71.83,broken clouds,7.26,-8.15,Hotel du marché
33,Kodiak,US,32.0,overcast clouds,57.79,-152.41,Best Western Kodiak Inn and Convention Center
34,Tual,ID,83.53,overcast clouds,-5.67,132.75,Grand Vilia Hotel
35,Port Alfred,ZA,65.32,scattered clouds,-33.59,26.89,The Halyards Hotel
36,Rikitea,PF,74.32,light rain,-23.12,-134.97,Pension Maro'i
37,Salalah,OM,75.2,clear sky,17.02,54.09,HAMDAN PLAZA HOTEL
38,Punta Gorda,US,81.0,overcast clouds,26.93,-82.05,Four Points by Sheraton Punta Gorda Harborside
39,Kruisfontein,ZA,64.0,few clouds,-34.0,24.73,Oyster Bay House Rental
40,Saskylakh,RU,-10.08,broken clouds,71.92,114.08,
41,Leningradskiy,RU,15.4,overcast clouds,69.38,178.42,
42,Tiksi,RU,-4.99,clear sky,71.69,128.87,Arktika
43,Cherskiy,RU,2.17,overcast clouds,68.75,161.3,Gostinitsa
44,Kavaratti,IN,80.92,clear sky,10.57,72.64,Hotels in Lakshadweep Islands
45,Hilo,US,86.0,scattered clouds,19.73,-155.09,Hilo Hawaiian Hotel
46,Ahipara,NZ,71.08,overcast clouds,-35.17,173.17,Ahipara Holiday Park
47,Punta Arenas,CL,53.6,broken clouds,-53.15,-70.92,Hotel Dreams Del Estrecho
48,Nampula,MZ,71.2,few clouds,-15.12,39.27,Tacab Residencial
49,Kabo,CF,72.59,overcast clouds,7.7,18.63,
50,Hami,CN,37.11,clear sky,42.8,93.45,Laoyutang Resort
51,Puerto Palomas,MX,73.4,clear sky,31.77,-107.62,Hotel San Carlos
52,Lebu,CL,54.54,broken clouds,-37.62,-73.65,Hostal Las Lilas
53,Atar,MR,81.9,overcast clouds,20.52,-13.05,Oumou Elghoura
54,Airai,TL,69.6,overcast clouds,-8.93,125.41,Juvinal Martin
55,Naryan-Mar,RU,28.81,overcast clouds,67.67,53.09,Hostel Agat
56,Yumen,CN,27.32,clear sky,40.28,97.2,
57,Ribeira Grande,PT,64.4,broken clouds,38.52,-28.7,Quinta da Meia Eira
58,Georgetown,MY,78.8,thunderstorm,5.41,100.34,Cititel Penang
59,Lagoa,PT,63.3,overcast clouds,39.05,-27.98,Casa Das Faias
60,Kawalu,ID,71.78,scattered clouds,-7.38,108.21,KOSAN UNGU UNSIK
61,Zaozerne,UA,54.1,light rain,45.16,33.28,"Molodozhnyy Lager' ""Pioner"""
62,Bredasdorp,ZA,64.4,scattered clouds,-34.53,20.04,Bredasdorp Country Manor
63,Dunlop,AU,61.0,few clouds,-35.19,149.02,Grevillea Lodge
64,Donegal,IE,45.5,light rain,54.65,-8.12,The Central Hotel Donegal
65,Mahebourg,MU,69.8,scattered clouds,-20.41,57.7,Shandrani Beachcomber Resort & Spa
66,Bluff,NZ,53.01,overcast clouds,-46.6,168.33,Bluff Homestead - Guesthouse & Campervan Park
67,Hasaki,JP,55.4,fog,35.73,140.83,Inubosaki Kanko Hotel
68,Tura,IN,68.34,overcast clouds,25.52,90.22,Hotel RIKMAN Continental
69,Mataura,NZ,53.01,scattered clouds,-46.19,168.86,Ellie's Villa
70,Bambous Virieux,MU,69.8,scattered clouds,-20.34,57.76,Casa Tia Villa
71,Labuan,MY,78.8,few clouds,5.28,115.24,Tiara Labuan Hotel
72,Bengkulu,ID,75.45,overcast clouds,-3.8,102.27,Grage Hotel Bengkulu
73,Pauini,BR,77.49,light rain,-7.71,-66.98,Casa do Kiwliks
74,Tallahassee,US,77.0,few clouds,30.44,-84.28,Four Points by Sheraton Tallahassee Downtown
75,New Norfolk,AU,64.99,overcast clouds,-42.78,147.06,The Shingles Riverside Cottages
76,Dikson,RU,17.24,overcast clouds,73.51,80.55,
77,Chuy,UY,53.94,clear sky,-33.7,-53.46,Nuevo Hotel Plaza
78,Victoria,HK,75.0,light rain,22.29,114.16,Mini Hotel Central
79,Harbin,CN,33.01,clear sky,45.75,126.65,Harbin Ferris Wheel
80,Kuliyapitiya,LK,78.8,scattered clouds,7.47,80.04,Rest House
81,Provideniya,RU,21.2,clear sky,64.38,-173.3,
82,Cabo San Lucas,MX,89.01,scattered clouds,22.89,-109.91,Hotel Tesoro Los Cabos
83,Hermanus,ZA,64.0,few clouds,-34.42,19.23,Misty Waves Boutique Hotel
84,Necochea,AR,64.99,scattered clouds,-38.55,-58.74,dyd -mar Hotel
85,Jamestown,US,35.01,fog,42.1,-79.24,Hampton Inn & Suites Jamestown
86,Mandera,KE,80.71,scattered clouds,3.94,41.87,Kornesh Hotel and Lodging
87,Bud,US,39.2,broken clouds,39.45,-86.18,
88,Mount Gambier,AU,60.8,broken clouds,-37.83,140.77,Commodore on the Park
89,Sao Joao Da Barra,BR,71.6,broken clouds,-21.64,-41.05,Pousada Porto De Canoas
90,Egvekinot,RU,11.37,scattered clouds,66.32,-179.17,
91,Chapais,CA,32.0,light snow,49.78,-74.85,Hôtel Opémiska
92,Neiafu,TO,80.6,broken clouds,-18.65,-173.98,Mystic Sands
93,Avarua,CK,78.8,light rain,-21.21,-159.78,Paradise Inn
94,Saint-Nazaire,FR,62.6,overcast clouds,47.28,-2.2,Hôtel Restaurant le Berry
95,Grand Gaube,MU,68.0,broken clouds,-20.01,57.66,Veranda Paul et Virginie Hotel & Spa
96,Nardaran,AZ,57.2,fog,40.56,50.01,Bilgah Beach Hotel
97,Komsomolskiy,UZ,46.4,overcast clouds,40.43,71.72,Ikathouse
98,Thompson,CA,24.8,broken clouds,55.74,-97.86,Burntwood Hotel
99,Tarakan,ID,77.07,moderate rain,3.3,117.63,RedDoorz Syariah near Taman Berlabuh Tarakan
100,Lieto,FI,48.2,overcast clouds,60.51,22.46,Better
101,Sibolga,ID,75.67,moderate rain,1.74,98.78,Hotel Syariah CN Darussalam
102,Carnarvon,AU,68.0,scattered clouds,-24.87,113.63,Hospitality Carnarvon
103,Albany,US,46.99,heavy intensity rain,42.6,-73.97,
104,Poya,NC,84.15,scattered clouds,-21.35,165.15,
105,Kaitangata,NZ,53.01,broken clouds,-46.28,169.85,Kaitangata Motor Camp
106,East London,ZA,65.43,light rain,-33.02,27.91,Tu Casa
107,Kasamwa,TZ,68.95,overcast clouds,-2.85,32.43,
108,Chicama,PE,64.92,overcast clouds,-7.84,-79.15,Hospedaje Punta Cana PERU
109,Hambantota,LK,77.0,scattered clouds,6.12,81.12,Bungalow 63
110,Khorixas,,71.82,scattered clouds,-20.37,14.97,Khorixas Lodge
111,Dolores,AR,56.07,few clouds,-36.31,-57.68,Apart Hotel - Arianos
112,Makakilo City,US,84.2,overcast clouds,21.35,-158.09,Marriott's Ko Olina Beach Club
113,Moerai,PF,76.64,light rain,-22.43,-151.33,Le Manotel
114,Wendo,ET,57.02,broken clouds,6.6,38.42,Bekure tseon hotal
115,Iqaluit,CA,12.2,light snow,63.75,-68.51,Frobisher Inn
116,Yellowknife,CA,16.0,light snow,62.46,-114.35,The Explorer Hotel
117,Aripuana,BR,72.82,overcast clouds,-9.17,-60.63,
118,Saint-Augustin,CA,36.66,overcast clouds,51.23,-58.65,
119,Tuatapere,NZ,53.01,scattered clouds,-46.13,167.68,Ron and Tony's Bed & Breakfast
120,Luba,GQ,77.0,few clouds,3.46,8.55,
121,Narsaq,GL,21.2,clear sky,60.92,-46.05,Hotel Narsaq
122,Beringovskiy,RU,24.39,overcast clouds,63.05,179.32,Beringgorski
123,Westport,US,54.0,moderate rain,41.14,-73.36,The Westport Inn
124,Sfantu Gheorghe,RO,35.01,clear sky,45.87,25.78,Hotel Park Sfantu Gheorghe
125,Coihaique,CL,73.4,clear sky,-45.58,-72.07,Diego De Almagro Coyhaique
126,Wilmington,US,68.0,clear sky,34.23,-77.94,"Hotel Ballast Wilmington, Tapestry Collection by Hilton"
127,Severo-Kurilsk,RU,42.73,clear sky,50.68,156.12,Kak Doma
128,Ballina,AU,73.99,scattered clouds,-28.87,153.57,Ramada Hotel & Suites by Wyndham Ballina Byron
129,Rio Cuarto,AR,75.2,clear sky,-33.13,-64.35,Hotel Menossi
130,Yueyang,CN,57.94,overcast clouds,29.33,113.09,Delong Fortune Hotel
131,Ola,RU,29.82,overcast clouds,59.58,151.28,
132,Puerto Del Rosario,ES,69.8,few clouds,28.5,-13.86,Hotel JM Puerto del Rosario
133,Haines Junction,CA,14.0,overcast clouds,60.75,-137.51,Parkside Inn
134,Port Blair,IN,79.63,scattered clouds,11.67,92.75,Fortune Resort Bay Island
135,Imbituba,BR,66.2,few clouds,-28.24,-48.67,Praia Hotel Imbituba
136,Aloleng,PH,80.49,overcast clouds,16.13,119.78,Agno Umbrella Rocks
137,Cap Malheureux,MU,68.0,broken clouds,-19.98,57.61,Pereybere Hotel & Spa
138,Tolaga Bay,NZ,65.64,overcast clouds,-38.37,178.3,Tolaga Bay Motel
139,Nsoko,SZ,63.05,light rain,-27.03,31.95,KaMsholo Bushveld Safaris
140,Arlit,NE,74.68,broken clouds,18.74,7.39,Hôtel Telwa Bungalow
141,Mar Del Plata,AR,61.0,clear sky,-38.0,-57.56,Gran Hotel Mar del Plata habitaciones
142,Yulara,AU,78.8,scattered clouds,-25.24,130.99,Desert Gardens Hotel - Ayers Rock Resort
143,Brae,GB,50.0,moderate rain,60.4,-1.35,Busta House Hotel
144,San Jose,US,84.0,haze,37.34,-121.89,The Westin San Jose
145,Labuhan,ID,78.37,moderate rain,-6.88,112.21,bador sepret
146,Barrow,US,28.4,mist,71.29,-156.79,King Eider Inn
147,Longyearbyen,SJ,33.8,clear sky,78.22,15.64,"Radisson Blu Polar Hotel, Spitsbergen"
148,Burnie,AU,59.0,overcast clouds,-41.07,145.92,Beachfront Voyager Motor Inn
149,Pangnirtung,CA,17.6,light shower snow,66.15,-65.71,Kilabuk Lodge
150,Puerto Ayora,EC,77.0,scattered clouds,-0.74,-90.35,Finch Bay Galapagos Hotel
151,Tuktoyaktuk,CA,12.2,light snow,69.45,-133.04,End of The Road Ltd.
152,Bairiki,KI,86.0,scattered clouds,1.33,172.98,Tarawa Boutique Hotel
153,Deputatskiy,RU,-15.83,broken clouds,69.3,139.9,Baza Otdykha
154,Alofi,NU,78.8,broken clouds,-19.06,-169.92,Taloa Heights
155,Sakata,JP,53.6,light intensity shower rain,38.92,139.85,Hotel Rich & Garden Sakata
156,Granadilla De Abona,ES,77.0,clear sky,28.12,-16.58,Hotel Rural Senderos De Abona
157,Ponta Delgada,PT,62.6,light intensity shower rain,37.73,-25.67,Vila Nova Hotel
158,Niimi,JP,60.8,mist,34.98,133.47,備中路
159,Isangel,VU,80.6,broken clouds,-19.55,169.27,Volcano Sea View Tree House
160,Pevek,RU,15.64,overcast clouds,69.7,170.31,Severnoye Zoloto
161,Prabumulih,ID,73.76,moderate rain,-3.45,104.25,OYO 2722 Lemon Residence Prabumulih
162,Coahuayana,MX,85.89,clear sky,18.73,-103.68,Hotel Los Arcos
163,Muncar,ID,77.13,overcast clouds,-8.43,114.33,Zaky Homestay
164,Frunze,UA,53.01,overcast clouds,48.67,38.75,
165,San Cristobal,VE,82.4,scattered clouds,7.77,-72.22,Pirineos
166,Pemangkat,ID,79.47,overcast clouds,1.17,108.97,Kost H.Syamsuddin
167,Saint George,US,81.0,clear sky,37.1,-113.58,Best Western Plus Abbey Inn
168,Jalu,LY,65.35,clear sky,29.03,21.55,Jalu Hotel
169,Vila Velha,BR,73.4,broken clouds,-20.33,-40.29,Hotel Vitória Palace
170,Adrar,MR,79.9,overcast clouds,20.5,-10.07,
171,Kirakira,SB,85.87,light rain,-10.45,161.92,SanBiz Lodge
172,Derzhavinsk,KZ,35.92,overcast clouds,51.1,66.32,Ooo.khim Baza
173,Xining,CN,29.68,few clouds,36.62,101.77,Super Leisure Hotel
174,Galveston,US,75.2,clear sky,29.37,-94.97,Comfort Inn & Suites Texas City
175,Shahreza,IR,42.87,clear sky,32.03,51.88,خوابگاه
176,Minot,US,53.6,clear sky,48.23,-101.3,Noble Inn
177,Turukhansk,RU,20.8,light snow,65.82,87.98,"ООО ""Туруханская пушнина"""
178,Aklavik,CA,10.4,overcast clouds,68.22,-135.01,Aklavik Inn
179,Fortuna,US,66.99,clear sky,40.6,-124.16,Super 8 by Wyndham Fortuna
180,Lompoc,US,79.0,clear sky,34.64,-120.46,Holiday Inn Express Lompoc
181,Saint Anthony,US,37.4,clear sky,45.02,-93.22,Holiday Inn Express Roseville-St. Paul
182,Churapcha,RU,-18.65,clear sky,62.0,132.43,
183,Tessalit,ML,75.52,scattered clouds,20.2,1.01,
184,Chengalpattu,IN,78.8,mist,12.7,79.98,Fairfield by Marriott Chennai Mahindra World City
185,Verkh-Suetka,RU,36.52,overcast clouds,53.3,80.05,
186,Verdun,FR,64.0,overcast clouds,49.25,5.33,Logis Hôtel-Restaurant Le Relais
187,Saint-Philippe,RE,69.8,overcast clouds,-21.36,55.77,"Chambres d'hôte ""La Trinité"""
188,Sao Felix Do Xingu,BR,76.32,light rain,-6.64,-51.99,Apart Hotel Rio Xingu
189,Constitucion,CL,54.3,broken clouds,-35.33,-72.42,Hotel Boutique Las Azucenas
190,Causapscal,CA,42.01,overcast clouds,48.35,-67.23,Auberge La Coulée Douce
191,Am Timan,TD,82.83,overcast clouds,11.03,20.28,Palais du chef Canton Salamt
192,Port Antonio,JM,79.0,shower rain,18.18,-76.46,Trident Hotel
193,Itarema,BR,79.92,clear sky,-2.92,-39.92,Windvillage
194,Baykit,RU,21.74,overcast clouds,61.67,96.37,
195,Codrington,AU,64.92,broken clouds,-38.27,141.97,Codrington Gardens Bed And Breakfast
196,Thunder Bay,CA,28.4,few clouds,48.4,-89.32,Victoria Inn Hotel and Convention Centre
197,Sept-Iles,CA,37.4,overcast clouds,50.2,-66.38,Comfort Inn
198,Krasnaya Gorbatka,RU,39.24,light rain,55.87,41.76,Silvanian-hotel
199,Tiznit,MA,70.16,clear sky,29.58,-9.5,
200,Vostok,RU,29.16,broken clouds,46.49,135.88,
201,Mollendo,PE,63.41,scattered clouds,-17.02,-72.01,Hostal La Casa de Melgar
202,Asyut,EG,71.6,clear sky,27.18,31.18,Florence Hotel Assiut
203,Norman Wells,CA,6.8,few clouds,65.28,-126.83,Heritage Hotel
204,Marawi,PH,75.99,light rain,8.0,124.29,Derogongan Residence
205,Kysyl-Syr,RU,-2.52,scattered clouds,63.9,122.76,
206,Saldanha,ZA,66.2,clear sky,-33.01,17.94,Blue Bay Lodge
207,Caravelas,BR,70.68,overcast clouds,-17.71,-39.25,Pousada dos Navegantes
208,Sisimiut,GL,28.63,overcast clouds,66.94,-53.67,Hotel Sisimiut
209,Umm Kaddadah,SD,81.72,clear sky,13.6,26.69,
210,Sindor,RU,28.76,overcast clouds,62.86,51.89,
211,Ust-Nera,RU,-15.32,scattered clouds,64.57,143.2,Hotel Ust-Nera
212,Alyangula,AU,80.6,clear sky,-13.85,136.42,Groote Eylandt Lodge
213,Esperance,AU,64.4,scattered clouds,-33.87,121.9,Hospitality Esperance
214,Erzin,TR,70.0,light rain,36.96,36.2,Artemis Otel
215,Zhigansk,RU,-0.63,overcast clouds,66.77,123.37,Gostinichnyy Kompleks Aylgy
216,Hithadhoo,MV,83.34,overcast clouds,-0.6,73.08,Scoop Guest House
217,Te Anau,NZ,55.08,overcast clouds,-45.42,167.72,Kingsgate Hotel Te Anau
218,Iskateley,RU,28.69,overcast clouds,67.68,53.15,Hostel Agat
219,Severo-Yeniseyskiy,RU,31.12,overcast clouds,60.37,93.04,Aktolik
220,Dargaville,NZ,72.25,overcast clouds,-35.93,173.88,Parkview Motel
221,Chokurdakh,RU,0.21,light snow,70.63,147.92,
222,Lircay,PE,55.4,overcast clouds,-12.99,-74.72,Hostal Escobar
223,Puerto Leguizamo,CO,74.89,light rain,-0.19,-74.78,la casona de juancho
224,Eucaliptus,BO,56.17,scattered clouds,-17.58,-67.52,Hotel Serrano
225,Kapaa,US,82.4,few clouds,22.08,-159.32,Sheraton Kauai Resort at Coconut Beach
226,Lisala,CD,70.66,overcast clouds,2.15,21.52,
227,Janakpur,NP,71.33,scattered clouds,26.72,85.91,Hotel Sita Palace
228,Verkhnevilyuysk,RU,0.77,few clouds,63.45,120.32,Gostinitsa Mila
229,Strezhevoy,RU,32.0,overcast clouds,60.73,77.59,Sibiryachka
230,Waingapu,ID,81.25,broken clouds,-9.66,120.26,Pondok Wisata Elim
231,Luderitz,,65.8,overcast clouds,-26.65,15.16,LÜDERITZ NEST HOTEL
232,Praia Da Vitoria,PT,64.0,broken clouds,38.73,-27.07,Hotel Branco I
233,Ocos,GT,87.8,shower rain,14.51,-92.19,La Bajadita
234,San Joaquin,US,80.6,clear sky,37.93,-121.3,University Plaza Waterfront Hotel
235,Znamenskoye,RU,32.49,overcast clouds,57.13,73.83,
236,Umm Lajj,SA,77.83,clear sky,25.02,37.27,Moon light Furnished Units
237,Ketchikan,US,53.6,heavy intensity rain,55.34,-131.65,Snows Cove Lodge
238,Rio Bueno,CL,73.4,clear sky,-40.32,-72.97,Hostal Caulle
239,Katsuura,JP,60.8,broken clouds,35.13,140.3,Katsuura Hotel Mikazuki
240,Adwa,ET,59.86,clear sky,14.16,38.9,Maay Assa Hotel
241,Broome,US,42.01,overcast clouds,42.25,-75.83,Chenango Valley State Park
242,Hovd,MN,24.98,clear sky,48.01,91.64,Buyant Hotel
243,Comodoro Rivadavia,AR,77.0,clear sky,-45.87,-67.5,Austral Hotel
244,Ashland,US,34.0,broken clouds,40.82,-82.27,Holiday Inn Express & Suites Ashland
245,Yar-Sale,RU,28.71,overcast clouds,66.83,70.83,Yalemd
246,College,US,3.99,broken clouds,64.86,-147.8,Pike's Waterfront Lodge
247,Havelock,US,66.99,overcast clouds,34.88,-76.9,Sherwood Motel
248,Honningsvag,NO,41.0,few clouds,70.98,25.97,Nordkapp Vandrerhjem
249,Fare,PF,80.83,few clouds,-16.7,-151.02,Maitai Lapita Village Huahine
250,Dinhata,IN,72.75,few clouds,26.13,89.47,Hotel Riya
251,Kavieng,PG,85.69,clear sky,-2.57,150.8,Nusa Island Retreat
252,Virginia Beach,US,61.0,scattered clouds,36.85,-75.98,Hilton Virginia Beach Oceanfront
253,Novobiryusinskiy,RU,29.34,overcast clouds,56.96,97.71,Gostinitsa
254,Oyama,JP,57.2,scattered clouds,36.3,139.8,Toyoko Inn Oyama-eki Higashi-guchi No.1
255,Pitimbu,BR,78.8,few clouds,-7.47,-34.81,Reserva do Abiaí
256,Sapernoye,RU,32.0,clear sky,60.72,29.95,База отдыха «Юность»
257,Zhuanghe,CN,41.68,few clouds,39.7,122.99,Hanting Express Dalian Zhuanghe Qiansheng
258,Hamilton,US,41.0,clear sky,39.18,-84.53,Six Acres Bed & Breakfast
259,Rafai,CF,68.49,overcast clouds,4.95,23.92,
260,Korla,CN,36.0,few clouds,41.76,86.15,Gulisitan Hotel
261,Hofn,IS,36.75,clear sky,64.25,-15.21,Hótel Höfn
262,Udachnyy,RU,5.0,light snow,66.42,112.4,Gostinitsa Vilyuy
263,Nome,US,19.99,clear sky,64.5,-165.41,Dredge 7 Inn
264,Dhidhdhoo,MV,82.2,broken clouds,6.88,73.1,Dhidhoo beach
265,Richards Bay,ZA,63.54,heavy intensity rain,-28.78,32.04,BON Hotel Waterfront Richards Bay
266,Costinesti,RO,48.2,broken clouds,43.95,28.63,Villa Mar Bella
267,Whittlesea,ZA,53.56,broken clouds,-32.18,26.82,Eddie's Nest B&B
268,Atocha,BO,56.05,clear sky,-20.93,-66.23,hotel paseo madrid
269,Villarrica,PY,71.74,clear sky,-25.75,-56.43,Mansión Reljuv Tours SA
270,Henties Bay,,55.0,scattered clouds,-22.12,14.28,Fishermans Guest House
271,Hailar,CN,17.91,snow,49.2,119.7,Holiday Inn & Suites Hulunbuir
272,Mehamn,NO,41.0,clear sky,71.04,27.85,Mehamn Arctic Hotel AS
273,Chikwawa,MW,75.0,scattered clouds,-16.03,34.8,Thawale Lodge
274,Haverfordwest,GB,63.0,overcast clouds,51.8,-4.97,Silverdale Lodge
275,Pombas,CV,77.0,broken clouds,17.15,-25.02,POUSADA O RECANTO
276,Nemuro,JP,56.75,overcast clouds,43.32,145.57,Hotel Nemuro Kaiyoutei
277,Vila Franca Do Campo,PT,62.6,light intensity shower rain,37.72,-25.43,Pestana Bahia Praia
278,Touros,BR,80.6,scattered clouds,-5.2,-35.46,INN NEW HORIZON
279,Sola,VU,84.2,broken clouds,-13.88,167.55,Ulkel Guest House
280,Vardo,NO,41.0,broken clouds,70.37,31.11,Vardø Hotel AS
281,Nantucket,US,57.2,overcast clouds,41.28,-70.1,Jared Coffin House
282,Leh,IN,27.73,few clouds,34.17,77.58,Hotel Ladakh Greens
283,Cortez,US,69.8,clear sky,37.35,-108.59,Sand Canyon National 9 Inn
284,Garden City,US,39.2,broken clouds,42.33,-83.33,Quality Inn & Suites Banquet Center
285,Saint Pete Beach,US,80.6,clear sky,27.73,-82.74,TradeWinds Island Grand Resort
286,Warrington,GB,62.01,shower rain,53.39,-2.58,Villaggio Hotel
287,Murygino,RU,27.97,clear sky,58.74,49.46,Prislon
288,Nicolas Bravo,MX,87.8,broken clouds,18.45,-88.92,
289,Yushu,CN,29.64,clear sky,44.8,126.53,Honorable Institute
290,Yeppoon,AU,78.8,scattered clouds,-23.13,150.73,Villa Mar Colina
291,Zaria,NG,73.42,scattered clouds,11.11,7.72,A.B.U Hotels
292,Anadyr,RU,15.8,light snow,64.75,177.48,"Гостиница ""Анадырь"""
293,Saint-Joseph,RE,69.8,overcast clouds,-21.37,55.62,"""Plantation Bed and Breakfast"
294,Ixtapa,MX,84.99,clear sky,20.7,-105.2,Container Inn Puerto Vallarta
295,Balad,IQ,69.64,clear sky,34.02,44.15,رضاوي زنوبة
296,Tateyama,JP,60.8,broken clouds,34.98,139.87,Tateyama Seaside Hotel
297,Sur,OM,70.23,clear sky,22.57,59.53,Sur Plaza Hotel
298,Shakawe,BW,76.51,broken clouds,-18.37,21.85,Ditlhapi Guest House
299,Taketa,JP,57.99,light rain,32.97,131.38,いっぷく茶屋
300,Markala,ML,78.91,few clouds,13.7,-6.07,Yaya Hôtel
301,Presidencia Roque Saenz Pena,AR,68.67,clear sky,-26.79,-60.44,Hotel Aconcagua
302,Inhambane,MZ,71.04,few clouds,-23.86,35.38,Oceano
303,Seljord,NO,52.0,moderate rain,59.49,8.63,Seljord Hotell
304,Buin,CL,73.4,clear sky,-33.73,-70.75,Paihuen
305,Torbay,CA,37.99,few clouds,47.67,-52.73,Gallows Cove
306,Port Lincoln,AU,71.1,scattered clouds,-34.73,135.87,Port Lincoln Hotel
307,Mahibadhoo,MV,81.88,broken clouds,3.78,72.97,Omadhoo Inn
308,Warwick,US,51.01,mist,41.7,-71.42,Hampton Inn & Suites Providence/Warwick-Airport
309,Axim,GH,78.22,overcast clouds,4.87,-2.24,AXIM BEACH RESORT AND SPA
310,Warmbad,,69.08,clear sky,-28.45,18.73,
311,Ancud,CL,60.01,broken clouds,-41.87,-73.82,Hotel Arena Gruesa
312,Karatau,KZ,37.17,overcast clouds,43.17,70.47,Gor.bol'nitsa
313,Olafsvik,IS,36.79,light rain,64.89,-23.71,Hotel Olafsvik
314,Herne Bay,GB,63.0,overcast clouds,51.37,1.13,Westgrange House Bed and Breakfast
315,Kendari,ID,78.21,overcast clouds,-3.94,122.5,Hotel Wixel
316,Lensk,RU,-1.34,clear sky,60.73,114.93,ТинОрС
317,Haimen,CN,66.2,overcast clouds,23.19,116.61,Jinghao Business Hotel
318,Meulaboh,ID,75.92,overcast clouds,4.14,96.13,Kost Pria
319,Coquimbo,CL,55.4,broken clouds,-29.95,-71.34,Hotel San Juan
320,Toora-Khem,RU,19.65,clear sky,52.47,96.11,
321,Mayumba,GA,75.0,light rain,-3.43,10.66,LIKWALE LODGE
322,Lata,PT,66.0,overcast clouds,40.16,-8.33,Casa Maquia
323,Patuli,IN,76.05,overcast clouds,23.55,88.25,Jalangi Agro Project
324,Skibbereen,IE,57.2,light intensity drizzle,51.55,-9.27,The West Cork Hotel
325,Bobon,PH,78.28,light rain,12.52,124.56,Binang and Cadio Resort
326,Lethem,GY,84.16,overcast clouds,3.38,-59.8,Savannah Inn
327,Taoudenni,ML,80.49,overcast clouds,22.68,-3.98,
328,San Vicente,AR,63.59,scattered clouds,-26.62,-54.13,Complejo Turístico Farelluk
329,Fukue,JP,66.02,overcast clouds,32.69,128.84,Goto Guesthouse Utojuku & SA Car Rental
330,Tucurui,BR,84.11,light rain,-3.77,-49.67,BBB Rooms Centro Tucurui PA
331,Izmalkovo,RU,44.58,broken clouds,52.69,37.96,
332,Castro,BR,52.79,few clouds,-24.79,-50.01,CHACARA BAILLY
333,Los Corrales De Buelna,ES,66.0,overcast clouds,43.26,-4.07,Hotel Principal del Parque
334,Hoopstad,ZA,54.86,clear sky,-27.83,25.91,Fouries Guesthouse
335,Shache,CN,33.66,clear sky,38.42,77.24,Delong Hotel
336,Nabire,ID,80.37,overcast clouds,-3.37,135.48,Hotel Nusantara Nabire
337,Saint-Leu,RE,69.8,overcast clouds,-21.15,55.28,La Caz Oceane
338,Tuy Hoa,VN,74.37,light rain,13.08,109.3,CenDeluxe Hotel Tuy Hoa
339,Port Moresby,PG,81.3,broken clouds,-9.44,147.18,Lamana Hotel
340,At-Bashi,KG,28.74,scattered clouds,41.17,75.81,Hostel At-Bashy
341,Eten,PE,66.2,clear sky,-6.91,-79.86,Hospedaje Sol Radiante
342,Harer,ET,53.55,clear sky,9.31,42.13,Amir Cultural Harari Guesthouse
343,Morros,BR,74.71,light rain,-9.45,-46.3,
344,Belyy Yar,RU,21.2,fog,53.6,91.39,Pasportnyy Stol
345,Punta Umbria,ES,64.99,overcast clouds,37.18,-6.97,Barceló Punta Umbría Beach Resort
346,Petrinja,HR,50.0,fog,45.44,16.29,Gostionica Mis
347,Ulaangom,MN,25.09,broken clouds,49.98,92.07,Achit Nuur Hotel & Restaurant
348,Mandalgovi,MN,14.77,clear sky,45.76,106.27,В.Ганбат
349,Rudbar,AF,48.69,clear sky,30.15,62.6,
350,Mizque,BO,67.03,broken clouds,-17.94,-65.34,Hotel Mizque
351,Laguna,US,82.0,clear sky,38.42,-121.42,Holiday Inn Express & Suites Elk Grove Central - Hwy 99
352,Evensk,RU,21.97,overcast clouds,61.95,159.23,
353,Thyolo,MW,64.26,light rain,-16.07,35.14,Chawani Bungalow
354,Berlevag,NO,39.2,clear sky,70.86,29.09,Kvitbrakka
355,Charters Towers,AU,81.63,clear sky,-20.1,146.27,Cattleman's Rest Motor Inn
356,Bubaque,GW,83.44,clear sky,11.28,-15.83,"Casa Dora, Bubaque"
357,San Patricio,US,80.6,few clouds,28.02,-97.52,"Motel 6 Sinton, TX"
358,Agde,FR,48.2,broken clouds,43.31,3.48,CAPAO Beach Hôtel
359,Long Branch,US,55.99,mist,40.3,-73.99,Ocean Place Resort & Spa
360,Rabo De Peixe,PT,62.6,light intensity shower rain,37.8,-25.58,Quinta das Giestas
361,Aden,YE,81.21,clear sky,12.78,45.04,Sama Emirate Hotel
362,Botwood,CA,34.0,few clouds,49.15,-55.35,Exploits Hostel
363,Nueve De Julio,AR,61.65,clear sky,-35.44,-60.88,Grand Hotel Libertad - GHL
364,Bonavista,CA,37.99,clear sky,48.65,-53.11,Abbott's Bed & Breakfast
365,Aksarka,RU,24.51,clear sky,66.56,67.8,
366,Aswan,EG,70.63,clear sky,24.09,32.91,Nuba Nile
367,Aksehir,TR,44.42,few clouds,38.36,31.42,GRAND HOTEL AKŞEHİR
368,Sosnovo-Ozerskoye,RU,12.31,scattered clouds,52.52,111.54,
369,The Valley,AI,82.99,scattered clouds,18.22,-63.06,CeBlue Villas & Beach Resort
370,Smithers,CA,53.6,overcast clouds,54.78,-127.17,Prestige Hudson Bay Lodge
371,Faridabad,IN,60.8,mist,28.43,77.32,Park Plaza Faridabad
372,Bathsheba,BB,82.4,shower rain,13.22,-59.52,Atlantis Hotel
373,Maloy,NO,48.2,shower rain,61.94,5.11,Torget Hotell
374,Ilulissat,GL,17.6,light snow,69.22,-51.1,Hotel Arctic
375,Petropavlovsk-Kamchatskiy,RU,32.0,clear sky,53.05,158.65,"ООО ""Гостиничный комплекс ""Петропавловск"""
376,Talaya,RU,18.77,overcast clouds,61.38,152.75,
377,Baghmara,IN,71.69,clear sky,23.8,86.21,BCCL Guest House Dumra
378,Klaksvik,FO,42.8,overcast clouds,62.23,-6.59,Airbnb rooms
379,Aykhal,RU,5.0,light snow,66.0,111.5,
380,Grindavik,IS,35.6,overcast clouds,63.84,-22.43,Northern Light Inn & Max's Restaurant
381,Payson,US,71.01,clear sky,40.04,-111.73,Quality Inn Payson I-15
382,Haapiti,PF,82.4,broken clouds,-17.57,-149.87,Linareva Moorea Beach Resort
383,Gloversville,US,42.8,moderate rain,43.05,-74.34,Holiday Inn Johnstown-Gloversville
384,Tabory,RU,25.72,clear sky,58.52,64.55,
385,Atasu,KZ,35.91,broken clouds,48.68,71.64,Dostyk
386,Godda,IN,71.02,scattered clouds,24.83,87.22,HOTEL TUSH TAYA RESIDENCY
387,Petilia Policastro,IT,64.4,scattered clouds,39.11,16.79,Azienda Agrituristica Badessa
388,Issoire,FR,62.6,broken clouds,45.55,3.25,ACE Hôtel - Issoire
389,Pitsunda,GE,55.4,light intensity shower rain,43.16,40.34,Hotel FREEDOM
390,Mariental,,71.96,scattered clouds,-24.63,17.97,Mariental Hotel
391,Cururupu,BR,76.32,scattered clouds,-1.83,-44.87,Pousada Través'cia
392,Kolpny,RU,46.74,scattered clouds,52.23,37.04,
393,Bambanglipuro,ID,76.96,light rain,-7.95,110.28,Puri Brata
394,Kulhudhuffushi,MV,82.22,scattered clouds,6.62,73.07,Haajy Guest House 1
395,Vestmanna,FO,42.8,broken clouds,62.16,-7.17,Budget Guesthouse Borgustova
396,Husavik,IS,37.4,overcast clouds,66.04,-17.34,Bjarnabúð
397,Port Hardy,CA,55.4,broken clouds,50.7,-127.42,Airport Inn
398,Mujiayingzi,CN,26.47,few clouds,42.12,118.78,Jinjiang Hotel
399,Khingansk,RU,24.85,light snow,49.12,131.18,
400,Aurdal,NO,39.99,overcast clouds,60.92,9.42,Valdres Gjestegard
401,Puerto Escondido,MX,83.43,clear sky,15.85,-97.07,Aldea del Bazar Hotel and Spa
402,Tondano,ID,73.4,few clouds,1.3,124.91,Villa Bella
403,Jiehu,CN,47.95,clear sky,35.54,118.45,Jixiang Hotel
404,Wuda,CN,32.52,clear sky,39.5,106.71,Grape Sightseeing Garden
405,Vaitape,PF,81.1,light rain,-16.52,-151.75,Conrad Bora Bora Nui
406,Aksu,CN,36.23,clear sky,41.12,80.26,Pudong Holiday Hotel
407,Lakatoro,VU,82.4,broken clouds,-16.1,167.42,Lakatoro Palm Lodge
408,Marzuq,YE,59.94,clear sky,14.4,46.47,
409,San Rafael,AR,82.44,clear sky,-34.62,-68.33,Hotel San Rafael
410,Camacha,PT,66.2,few clouds,33.08,-16.33,Hotel Porto Santo & Spa
411,Lavrentiya,RU,22.75,clear sky,65.58,-171.0,
412,Hvide Sande,DK,55.99,light rain,56.0,8.13,Hvide Sande Hotel
413,Tilichiki,RU,27.14,broken clouds,60.47,166.1,
414,Pontes E Lacerda,BR,78.37,broken clouds,-15.23,-59.34,Hotel Bressan
415,Tekeli,KZ,39.74,clear sky,44.83,78.82,Guest House Tekeli
416,Palmeira,BR,53.33,clear sky,-25.43,-50.01,Palmeira Clima Hotel
417,Pemba,MZ,77.29,few clouds,-12.97,40.52,Guesthouse Samotina
418,Anda,CN,26.96,clear sky,46.4,125.32,Shuntong Hotel
419,Port Elizabeth,ZA,64.4,clear sky,-33.92,25.57,39 On Nile Guest House
420,Oussouye,SN,84.2,clear sky,12.48,-16.55,Auberge du Routard
421,Manzhouli,CN,18.28,broken clouds,49.6,117.43,Angala International Youth Hostel
422,Lithgow,AU,53.01,broken clouds,-33.48,150.15,Zig Zag Motel
423,Edson,CA,55.4,clear sky,53.58,-116.44,Holiday Inn Express & Suites Edson
424,Rawson,AR,78.98,scattered clouds,-43.3,-65.1,Hotel Punta León
425,Odweyne,SO,70.52,clear sky,9.41,45.06,Eng Hiirey House
426,Minab,IR,68.0,clear sky,27.15,57.08,فروشگاه موبایل ترکمانی
427,Puchov,SK,46.4,light intensity drizzle,49.12,18.33,"Alexandra Hotel, Ltd."
428,La Rioja,ES,57.99,clear sky,42.25,-2.5,Casa Concejos
429,Nanjing,CN,62.01,mist,32.06,118.78,东方珍珠饭店
430,Guerrero Negro,MX,78.76,few clouds,27.98,-114.06,"Casa Laguna, Bed & Breakfast"
431,Sambava,MG,70.07,broken clouds,-14.27,50.17,Melrose
432,Jaisalmer,IN,68.5,clear sky,26.91,70.92,Hotel Fifu
433,Chinsali,ZM,61.86,broken clouds,-10.54,32.08,Mwiluzi Motel Chinsali Ltd
434,Turayf,SA,60.8,broken clouds,31.67,38.66,Swiss Spirit Hotel & Suites Turaif
435,Piacabucu,BR,78.62,few clouds,-10.41,-36.43,Piaçabuçu News
436,Fairbanks,US,3.99,scattered clouds,64.84,-147.72,Westmark Fairbanks Hotel & Conference Center
437,Catuday,PH,79.29,light rain,16.29,119.81,GResort
438,Half Moon Bay,US,78.01,clear sky,37.46,-122.43,"The Ritz-Carlton, Half Moon Bay"
439,Englehart,CA,32.0,light snow,47.82,-79.87,"The Englehart Motel & Restaurant- Best Hotel & Motel in Englehart ,Ontario,Canada"
440,Mercedes,AR,71.01,clear sky,-34.65,-59.43,Posada del Inti Centro
441,Baft,IR,45.45,clear sky,29.23,56.61,بافت خیابان طالقانی غربی ساختمان مادر
442,Srednekolymsk,RU,-3.5,overcast clouds,67.45,153.68,
443,Zeya,RU,17.94,overcast clouds,53.75,127.27,Kapital Inn
444,Maningrida,AU,84.9,scattered clouds,-12.07,134.27,Dhukurrdji Lodge
445,Poum,NC,78.84,clear sky,-20.23,164.02,Gîte kajeon
446,Batangafo,CF,72.36,overcast clouds,7.3,18.28,OCHA Office
447,Channel-Port Aux Basques,CA,44.1,clear sky,47.57,-59.14,St. Christopher's Hotel
448,Marilia,BR,64.63,few clouds,-22.21,-49.95,Hotel Tenda
449,Helena,US,57.2,clear sky,46.59,-112.04,Holiday Inn Express & Suites Helena
450,Belaya Gora,RU,-11.15,broken clouds,68.53,146.42,
451,Tabou,CI,77.76,scattered clouds,4.42,-7.35,hotêl doufoulougou
452,Raudeberg,NO,46.99,light rain,61.99,5.14,Nordre Silda.
453,Fort Nelson,CA,15.8,light snow,58.81,-122.7,The Fort Nelson Hotel
454,Seoul,KR,42.8,mist,37.57,126.98,LOTTE HOTEL SEOUL
455,Nara,JP,62.01,shower rain,34.69,135.8,Guesthouse Nara Komachi
456,Tranas,SE,50.0,light intensity drizzle,58.04,14.98,Badhotellet Spa & Konferens Hotel
457,Yerbogachen,RU,6.85,clear sky,61.28,108.01,
458,Det Udom,TH,71.6,few clouds,14.91,105.08,Chatsuda Resort
459,Laguna De Duero,ES,59.0,clear sky,41.58,-4.72,Hotel Topacio
460,Fairview,US,55.4,mist,40.81,-74.0,Homewood Suites by Hilton Edgewater-NYC Area
461,Nalut,LY,61.25,clear sky,30.33,10.85,
462,Padre Bernardo,BR,71.4,light rain,-15.35,-48.5,
463,Porto Velho,BR,80.6,broken clouds,-8.76,-63.9,Hotel Vila Rica Porto Velho
464,Ossora,RU,33.76,broken clouds,59.24,163.07,
465,Yuzhno-Kurilsk,RU,55.08,overcast clouds,44.03,145.86,Guesthouse Berloga
466,Davidson,US,57.2,clear sky,36.15,-86.78,Best Western Plus Music Row
467,Sheridan,US,64.4,clear sky,44.83,-106.92,Best Western Sheridan Center
468,Urumqi,CN,35.6,clear sky,43.8,87.6,Hua Ling Grand Hotel Urumqi
469,Lasa,IT,50.0,broken clouds,46.62,10.7,Pension Feldgärtenhof
470,Seymchan,RU,13.68,light snow,62.88,152.43,
471,Pilar,BR,77.0,clear sky,-9.6,-35.96,Pousada e churrascaria Manguaba
472,Maceio,BR,77.0,clear sky,-9.67,-35.74,Mercure Maceio Pajucara Hotel
473,Port Shepstone,ZA,63.23,moderate rain,-30.74,30.45,My Den Beachfront B&B And Self-Catering
474,Viedma,AR,79.0,clear sky,-40.81,-63.0,Hotel Cristal
475,Rio Gallegos,AR,57.2,broken clouds,-51.62,-69.22,Hotel Santa Cruz
476,Gudivada,IN,74.08,few clouds,16.45,80.98,B.C Hostel
477,Zheleznodorozhnyy,RU,41.0,mist,55.75,38.0,Hotel Dali
478,La Ronge,CA,42.8,overcast clouds,55.1,-105.28,Northland Motor Hotel
479,Boyolangu,ID,74.91,light rain,-8.12,111.89,Yos ega cv
480,Dahuk,IQ,67.95,overcast clouds,36.87,42.99,Parwar Hotel
481,Nuuk,GL,21.52,overcast clouds,64.18,-51.72,Vandrehuset
482,Kiruna,SE,39.2,overcast clouds,67.86,20.23,Camp Ripan
483,Alihe,CN,14.9,overcast clouds,50.57,123.72,Alihe Forestry Hotel
484,Puerto Colombia,CO,77.0,broken clouds,10.99,-74.95,Hotel El Emigrante
485,Kilindoni,TZ,78.42,scattered clouds,-7.91,39.67,Bustani B&B
486,Coari,BR,79.16,scattered clouds,-4.08,-63.14,HOTEL ALEX FLAT
487,Ugoofaaru,MV,81.97,broken clouds,5.67,73.0,Ungoofaaru Inn
488,North Bend,US,64.99,clear sky,43.41,-124.22,Red Lion Hotel Coos Bay
489,Nyimba,ZM,71.6,light rain,-14.56,30.81,Dali Dali Lodge
490,Natal,BR,80.6,scattered clouds,-5.79,-35.21,Villa Park Hotel | Natal
491,Taltal,CL,59.83,few clouds,-25.4,-70.48,Residencial Karime
492,Samfya,ZM,74.66,broken clouds,-11.36,29.56,Chita Lodge Samfya
493,Avera,US,68.0,clear sky,33.19,-82.53,
494,Dingle,PH,78.31,light rain,11.0,122.67,Camp Pasica
495,Borogontsy,RU,-16.89,clear sky,62.67,131.17,
496,Namibe,AO,72.52,scattered clouds,-15.2,12.15,Hotel Chik Chik Namibe
497,Anaconda,US,62.6,clear sky,46.13,-112.94,Trade Wind Motel
498,Alice Springs,AU,75.2,clear sky,-23.7,133.88,Desert Palms Alice Springs
499,Mayo,US,57.99,broken clouds,38.89,-76.51,Resorts Resource Group International
500,Tarko-Sale,RU,28.42,overcast clouds,64.92,77.78,Yubileynaya
501,Mega,ET,60.03,light rain,4.05,38.3,Amanuel Guest House
502,Coruripe,BR,78.39,scattered clouds,-10.13,-36.18,Pousada e Hotel Litoral Sul
503,Prince Rupert,CA,53.6,light rain,54.32,-130.32,Crest Hotel
504,Touba,CI,73.87,few clouds,8.28,-7.68,Hotel de L'Amitié Vraie
505,Impfondo,CG,69.39,moderate rain,1.64,18.07,Préfecture de la Likouala
506,Shingu,JP,63.7,clear sky,33.73,135.98,Shingu UI Hotel
507,Bilma,NE,70.45,clear sky,18.69,12.92,Expeditions Ténére voyages
508,Nakskov,DK,57.0,overcast clouds,54.84,11.13,Hotel Harmonien
509,Broken Hill,AU,71.6,clear sky,-31.95,141.43,Daydream Motel & Cottages
510,Zunheboto,IN,60.31,light rain,25.97,94.52,Inspection Bungalow
511,Los Llanos De Aridane,ES,77.0,clear sky,28.66,-17.92,Valle Aridane
512,Eureka,US,68.0,clear sky,40.8,-124.16,Eureka Inn Trademark By Wyndham
513,Kouroussa,GN,75.18,few clouds,10.65,-9.88,Hotel Tando Plus
514,Asau,RO,37.99,clear sky,46.43,26.4,Casa Mika Ciobanus
515,Kiama,AU,66.99,broken clouds,-34.68,150.87,The Sebel Kiama Harbourside
516,Alta Floresta,BR,72.54,overcast clouds,-9.88,-56.09,Floresta Amazonica Hotel
517,Mnogovershinnyy,RU,34.54,overcast clouds,53.94,139.92,Kvartsevaya Sopka
518,Champerico,GT,87.8,scattered clouds,14.3,-91.92,"Hotel y restaurante ""El Diamante"""
519,Miguel Auza,MX,67.46,scattered clouds,24.29,-103.45,Vulka Pepe's
520,Young,UY,57.88,clear sky,-32.68,-57.63,Posada Gira el Sol
521,Lins,BR,68.49,broken clouds,-21.68,-49.74,Blue Tree Thermas de Lins
522,Portmore,JM,79.0,shower rain,17.97,-76.87,Salmon Way Inn
523,Kahului,US,89.6,scattered clouds,20.89,-156.47,Maui Seaside Hotel
524,Lungi,SL,76.19,few clouds,9.22,-12.68,Lungi Airport Lodge
525,Sechura,PE,68.95,broken clouds,-5.56,-80.82,Hospedaje Costa Bella
526,Chico,US,84.0,clear sky,39.73,-121.84,Quality Inn Near Chico State
527,Batagay,RU,-13.58,overcast clouds,67.63,134.63,Gostinitsa Ki'ileekh
528,Kitimat,CA,50.0,light rain,54.05,-128.65,Kingfish Westcoast Adventures Ltd. Kitimat Estuary Lodge B&B
529,Wichita,US,59.0,few clouds,37.69,-97.34,Courtyard by Marriott Wichita at Old Town
530,Vuktyl,RU,24.12,scattered clouds,63.86,57.31,Mini-Hotel Lokomotiv
531,Ghanzi,BW,71.83,broken clouds,-21.57,21.78,Ghanzi Farmhouse
532,Ostrovnoy,RU,38.37,overcast clouds,68.05,39.51,
533,Adre,TD,79.88,broken clouds,13.47,22.2,
534,Bunia,CD,63.95,overcast clouds,1.57,30.25,Gold Star International Hotel
535,Damietta,EG,73.4,few clouds,31.42,31.81,العواد لتجارة الابلكاش
536,Hangzhou,CN,64.0,overcast clouds,30.29,120.16,Wyndham Grand Plaza Royale Hangzhou
537,Gagret,IN,60.08,clear sky,31.67,76.07,The Hotel Clark Plaza
538,Thinadhoo,MV,83.03,overcast clouds,0.53,72.93,
539,Geraldton,AU,57.2,light intensity shower rain,-28.77,114.6,Broadwater Mariner Resort
540,Tadine,NC,78.71,few clouds,-21.55,167.88,
541,Tezu,IN,69.48,scattered clouds,27.92,96.17,Circuit House
542,Altay,CN,29.25,clear sky,47.87,88.12,Jinqiao Hotel
543,Myitkyina,MM,69.28,light rain,25.38,97.4,Shwe Phyu Hotel
544,Shimoda,JP,53.01,few clouds,34.67,138.95,Shimoda Tokyu Hotel
545,Mitsamiouli,KM,76.96,overcast clouds,-11.38,43.28,Foyer ADM
546,Oga,IT,50.0,overcast clouds,46.46,10.35,QC Terme Bagni di Bormio Bagni Nuovi
547,Saint-Francois,FR,64.4,overcast clouds,46.42,3.91,Manoir Du Bonheur
548,Kharan,PK,50.97,clear sky,28.58,65.42,Ghani Hasrat House
549,Mekhe,SN,78.8,clear sky,15.11,-16.62,Hôtel Keur Mame Astou
550,Tunceli,TR,66.2,light rain,39.11,39.55,Grand Hotel Şaroğlu
551,Itoman,JP,71.6,few clouds,26.12,127.67,Southern Beach Hotel & Resort Okinawa
552,Eina,NO,50.0,light rain,60.63,10.6,Skogstad Leirsted
553,Kenai,US,26.01,clear sky,60.55,-151.26,Aspen Extended Stay Suites
554,Puerto Madero,MX,87.8,shower rain,14.72,-92.42,Hotel La Central
555,Huarmey,PE,64.6,overcast clouds,-10.07,-78.15,Hotel Miramar
556,Lorengau,PG,85.93,few clouds,-2.02,147.27,Lorengau Harbourside Hotel
557,Paamiut,GL,27.9,overcast clouds,61.99,-49.67,Yeet Hotel
558,Chabahar,IR,64.4,clear sky,25.29,60.64,هتل گدروشیا
559,Timmins,CA,26.6,snow,48.47,-81.33,The Senator Hotel & Conference Centre
560,Oxford,GB,62.6,overcast clouds,51.75,-1.26,Malmaison Oxford
561,Tete,MZ,82.0,few clouds,-16.16,33.59,Zambeze Paraíso Misterioso
562,Salekhard,RU,25.88,few clouds,66.53,66.6,Hotel 89
563,Bila Krynytsya,UA,44.6,overcast clouds,50.64,29.47,Эко дом в лесу
564,Jiazi,CN,69.69,moderate rain,22.88,116.07,Hotel Jin Hao
565,Margate,GB,63.0,overcast clouds,51.38,1.39,Premier Inn Margate hotel
566,Caxito,AO,77.0,broken clouds,-8.58,13.66,
567,Xaltianguis,MX,78.19,few clouds,17.07,-99.83,
568,Salima,MW,75.56,scattered clouds,-13.78,34.46,YAMIKANI LODGE
569,Jumla,NP,44.47,clear sky,29.27,82.18,Hotel Sundar Rara Karnali
570,Dunedin,NZ,55.99,broken clouds,-45.87,170.5,Scenic Hotel Southern Cross
571,Moyobamba,PE,70.27,light rain,-6.05,-76.97,LA CASA DE MI SUEÑO - Garden Home Lodge
572,Takoradi,GH,78.49,overcast clouds,4.88,-1.76,Raybow International Hotel
573,Zamora,EC,84.2,clear sky,-4.07,-78.96,Cabañas Ecológica Copalinga
574,George Town,MY,78.8,thunderstorm,5.41,100.34,Cititel Penang
575,Portland,US,66.99,clear sky,45.52,-122.68,The Bidwell Marriott Portland
576,Galesong,ID,81.12,broken clouds,-5.32,119.37,Sapriadi Appy
577,Banjar,ID,79.84,broken clouds,-8.19,114.97,The Hamsa Resort
578,Freeport,US,55.4,heavy intensity rain,40.66,-73.58,The Freeport Inn and Marina
579,Obama,JP,60.01,moderate rain,35.5,135.75,せくみ屋
580,Chontalpa,MX,73.71,moderate rain,17.7,-93.52,
581,Noumea,NC,86.0,few clouds,-22.28,166.46,Hôtel Le Lagon
582,Oistins,BB,82.4,shower rain,13.07,-59.53,Butterfly Beach Hotel
583,Cayenne,GF,80.6,moderate rain,4.93,-52.33,Hôtel Le Dronmi
584,Chokwe,MZ,67.75,overcast clouds,-24.53,32.98,Complexo Sonho Real
585,Najran,SA,62.6,clear sky,17.49,44.13,محمد هادي ال فطيح
586,Campbeltown,GB,50.0,light rain,55.43,-5.61,The Royal Hotel
587,Birao,CF,75.9,few clouds,10.28,22.79,
588,Naze,JP,73.4,scattered clouds,28.37,129.48,奄美ポートタワーホテル
589,Suzhou,CN,60.01,overcast clouds,31.31,120.62,Holiday Inn Jasmine Suzhou
590,Wajima,JP,61.72,light rain,37.4,136.9,Wajiima Onsen Yashio
591,Srandakan,ID,76.87,broken clouds,-7.94,110.25,Puri Brata
592,Muros,ES,66.0,overcast clouds,42.78,-9.06,Apartment Av. Castelao
593,Quang Ngai,VN,72.05,light rain,15.12,108.8,Central Hotel
594,San Andres,CO,82.4,overcast clouds,12.58,-81.7,Hotel Arena Blanca
595,Kutum,SD,73.35,scattered clouds,14.2,24.67,Dibbo areaمنطقة دبو
596,Port-Gentil,GA,78.8,thunderstorm,-0.72,8.78,Fengshui Residence
597,Monte Plata,DO,84.2,scattered clouds,18.81,-69.78,Hotel Principe Del Desvio
598,Montigny-Le-Bretonneux,FR,64.99,overcast clouds,48.77,2.03,Residhome Paris Guyancourt
599,Dafeng,CN,68.11,overcast clouds,23.45,108.59,Shenglong Hotel
600,Socorro,US,71.6,few clouds,31.65,-106.3,guarderia imss papalote
601,Yarmouth,US,55.99,moderate rain,41.71,-70.23,The Inn At Cape Cod
602,Biltine,TD,81.9,scattered clouds,14.53,20.92,Hôtel Trois Étoiles de Biltine
603,Saint-Cyr-Sur-Loire,FR,64.4,broken clouds,47.4,0.67,The Heraudiere bed and breakfast
604,Kyzyl-Suu,KG,36.41,clear sky,42.34,78.01,Hostel “Suusar”
605,Luanda,AO,77.0,broken clouds,-8.84,13.23,EPIC SANA Luanda
606,Muswellbrook,AU,61.41,overcast clouds,-32.27,150.9,Wayfarer Motel
607,Saint-Pierre,RE,69.8,overcast clouds,-21.34,55.48,Lindsey Hôtel
608,Marsa Matruh,EG,64.4,scattered clouds,31.35,27.25,Beau Site
609,Extremoz,BR,80.6,scattered clouds,-5.71,-35.31,Casa do Mochileiro Airport Hostel
610,Palu,ID,78.06,light rain,-0.89,119.87,Hotel Santika Palu
611,Waipawa,NZ,57.2,light rain,-41.41,175.52,Tora Coastal Walk
612,Farah,AF,42.91,clear sky,32.5,62.5,
613,Samarai,PG,82.78,light rain,-10.62,150.67,Nuli Sapi
614,Wamba,NG,74.14,scattered clouds,8.93,8.6,Roma Zee Guest House Annex
615,Diego De Almagro,CL,64.2,clear sky,-26.37,-70.05,hotel luna del desierto
616,Moranbah,AU,82.92,clear sky,-22.0,148.05,Direct Hotels - Monterey Moranbah
617,Domna,RU,12.2,clear sky,51.9,113.16,
618,Mizdah,LY,57.42,few clouds,31.45,12.98,فندق بنيه تحتيه
619,Monrovia,LR,79.07,light rain,6.3,-10.8,Eco-Hotel Hall & Restaurant
620,Karlskrona,SE,53.6,light rain,56.16,15.59,First Hotel Statt
621,Gunjur,GM,78.8,clear sky,13.2,-16.73,Kuba Lodge
622,Botro,CI,77.0,few clouds,7.85,-5.31,Motel de la Station BOTRO
623,Vila,PT,61.0,overcast clouds,42.03,-8.16,Hotel Castrum Villae
624,Talcahuano,CL,55.4,overcast clouds,-36.72,-73.12,Hotel Terramar
625,Yarada,IN,78.8,mist,17.65,83.27,"D-26/2, Dolphin Hill,"
626,Bandarbeyla,SO,76.48,clear sky,9.49,50.81,REER XOOSHLE GROUP
627,Tandil,AR,56.88,few clouds,-37.32,-59.13,HOSTAL DE LA SIERRA TANDIL
628,Fukuma,JP,61.0,light intensity shower rain,33.77,130.47,Masago
629,Cidreira,BR,62.53,few clouds,-30.18,-50.21,Hotel Castelo
630,Konotop,UA,48.0,light rain,51.24,33.2,УКРАЇНА ГОТЕЛЬ
631,Arua,UG,65.44,light rain,3.02,30.91,Golden Courts Hotel
632,Tahe,CN,9.99,light snow,52.33,124.73,塔河宾馆
633,Salinas,US,91.4,clear sky,36.68,-121.66,Good Nite Inn Salinas Monterey
634,Camapua,BR,73.63,clear sky,-19.53,-54.04,Comercial Estrela
635,Hualmay,PE,63.95,broken clouds,-11.1,-77.61,Hotel Restaurant Turístico Casablanca
636,Saint-Georges,GD,77.0,light rain,12.06,-61.75,Siesta Hotel
637,Vryburg,ZA,60.12,clear sky,-26.96,24.73,Times Premier Lodge
638,Roald,NO,50.0,broken clouds,62.58,6.13,Flem Cabins
639,Marrakesh,MA,69.8,clear sky,31.63,-8.01,Les Jardins de La Koutoubia
640,Batemans Bay,AU,64.99,scattered clouds,-35.72,150.18,Batemans Bay Marina Resort
641,Jiaozuo,CN,53.26,clear sky,35.24,113.23,Days Hotel and Suites Jiaozuo
642,Wanning,CN,70.65,overcast clouds,18.8,110.4,Paradise Hotel
643,Parrita,CR,69.8,light rain,9.52,-84.32,Beso del Viento
644,Sitka,US,46.4,moderate rain,57.05,-135.33,Westmark Sitka
645,Mustasaari,FI,48.2,overcast clouds,63.11,21.68,Hotel Astor
646,Yenagoa,NG,76.06,overcast clouds,4.92,6.26,Amba Hotels Limited
647,Burriana,ES,59.0,scattered clouds,39.89,-0.09,Hotel Beatriz
648,Guiyang,CN,48.2,overcast clouds,26.58,106.72,Guo Tai Hotel Guiyang
649,General Pico,AR,66.45,clear sky,-35.66,-63.76,Hotel Malargue
650,Puerto Carreno,CO,75.25,overcast clouds,6.19,-67.49,Casa Hotel Victoria
651,Kurtamysh,RU,26.47,clear sky,54.91,64.43,
652,Ascope,PE,66.56,overcast clouds,-7.71,-79.11,agroindustrial casagrande
653,Ambikapur,IN,62.82,clear sky,23.12,83.2,STARiHOTEL Ambikapur
654,Bowen,AU,80.6,scattered clouds,-20.02,148.23,Castle Motor Lodge Motel
655,Ambilobe,MG,72.97,broken clouds,-13.2,49.05,Hôtel & Restaurant DIANA Ambilobe
656,Kununurra,AU,80.6,overcast clouds,-15.77,128.73,Hotel Kununurra
657,Digby,CA,54.0,overcast clouds,44.62,-65.77,Digby Pines Golf Resort & Spa
658,Waddan,LY,60.35,clear sky,29.16,16.14,محل الشريف محمد العايب
659,Kushima,JP,64.4,broken clouds,31.46,131.23,Hanaoka
660,Mozarlandia,BR,77.68,scattered clouds,-14.74,-50.57,Hotel Santa Mônica
661,Uige,AO,67.24,light rain,-7.61,15.06,Juliao Pereira
662,Ritchie,ZA,55.4,clear sky,-29.04,24.6,Riverside country club
663,Mulege,MX,83.62,clear sky,26.88,-111.98,Casa Granada
664,Luena,AO,65.34,clear sky,-11.78,19.92,Hotel Kandamba
665,Pringsewu,ID,73.8,broken clouds,-5.36,104.97,Urban Style by Front One
666,Bocas Del Toro,PA,64.99,moderate rain,9.33,-82.25,Hotel Bocas del Toro
667,Ossipee,US,46.0,moderate rain,43.69,-71.12,Ken & Denise - Slice of heaven
668,Bajil,YE,80.31,clear sky,15.06,43.29,فندق الصقر السياحي
669,Alcudia,ES,59.0,clear sky,39.85,3.12,Zafiro Tropic
